feature,importance
vibration,4820166231.754772
runtime,3019888424.482025
pressure,1348417015.4456215
maintenance_enc,42053815.122802734
temperature,38716559.871017456
load,5718681.273551941
shift_enc,2123620.217895508
machine_id_enc,654476.8381652832
